<?xml version="1.0" encoding="UTF-8"?>
<MF0 version="1.1" packageUris="http://schema.mathworks.com/mf0/ci/19700101 http://schema.mathworks.com/mf0/sl_modelref_info/R2020b http://schema.mathworks.com/mf0/slexec_mm_sto/R2019b_201902271317">
  <ModelRefInfoRepo.ModelRefInfoRoot type="ModelRefInfoRepo.ModelRefInfoRoot" uuid="46109fa1-f85d-4829-aa20-b4ca39ee5e25">
    <autoSolverStatusFlags>323</autoSolverStatusFlags>
    <childModelRefInfo type="ModelRefInfoRepo.ChildModelRefInfo" uuid="4f6ab86c-c072-4cba-b3a9-4d3e8fb11349">
      <isSingleInstance>true</isSingleInstance>
      <modelName>flightControlSystem</modelName>
      <modelPath>flightControlSystem</modelPath>
    </childModelRefInfo>
    <compDerivCacheNeedsReset>false</compDerivCacheNeedsReset>
    <compToGrInputPortMaps type="ModelRefInfoRepo.GrCompIOPortMaps" uuid="32ba6200-c582-4f8a-831a-8e9c0612431b">
      <grAndCompPorts>0</grAndCompPorts>
      <grAndCompPorts>0</grAndCompPorts>
    </compToGrInputPortMaps>
    <compToGrInputPortMaps type="ModelRefInfoRepo.GrCompIOPortMaps" uuid="7ff8c99a-1724-46bc-a07b-ae8e2b0f602c">
      <grAndCompPorts>1</grAndCompPorts>
      <grAndCompPorts>1</grAndCompPorts>
    </compToGrInputPortMaps>
    <compToGrInputPortMaps type="ModelRefInfoRepo.GrCompIOPortMaps" uuid="8c9bddb4-194e-4bfe-a5d3-0f15141ccc71">
      <grAndCompPorts>2</grAndCompPorts>
      <grAndCompPorts>2</grAndCompPorts>
    </compToGrInputPortMaps>
    <compToGrOutputPortMaps type="ModelRefInfoRepo.GrCompIOPortMaps" uuid="eef09591-3af7-4022-a132-6a609f6125f1">
      <grAndCompPorts>0</grAndCompPorts>
      <grAndCompPorts>0</grAndCompPorts>
    </compToGrOutputPortMaps>
    <compToGrOutputPortMaps type="ModelRefInfoRepo.GrCompIOPortMaps" uuid="3683b988-9974-46fd-bafb-0825ef69fafb">
      <grAndCompPorts>1</grAndCompPorts>
      <grAndCompPorts>1</grAndCompPorts>
    </compToGrOutputPortMaps>
    <compZcCacheNeedsReset>false</compZcCacheNeedsReset>
    <dataTransferInfos>AAFJTQAAAAAOAAAAOAAAAAYAAAAIAAAAAgAAAAAAAAAFAAAACAAAAAAAAAABAAAAAQAAAAAAAAAFAAQAAQAAAAEAAAAAAAAA</dataTransferInfos>
    <defaultsCMapping>{&quot;Inports&quot;:&quot;{\&quot;Name\&quot;:\&quot;Default\&quot;,\&quot;Checksum\&quot;:\&quot;Default\&quot;,\&quot;PerInstancePropertiesChecksum\&quot;:\&quot;\&quot;,\&quot;MemorySectionName\&quot;:\&quot;None\&quot;,\&quot;MemorySectionChecksum\&quot;:\&quot;None\&quot;}&quot;,&quot;Outports&quot;:&quot;{\&quot;Name\&quot;:\&quot;Default\&quot;,\&quot;Checksum\&quot;:\&quot;Default\&quot;,\&quot;PerInstancePropertiesChecksum\&quot;:\&quot;\&quot;,\&quot;MemorySectionName\&quot;:\&quot;None\&quot;,\&quot;MemorySectionChecksum\&quot;:\&quot;None\&quot;}&quot;,&quot;ParameterArguments&quot;:&quot;{\&quot;Name\&quot;:\&quot;Default\&quot;,\&quot;Checksum\&quot;:\&quot;Default\&quot;,\&quot;PerInstancePropertiesChecksum\&quot;:\&quot;\&quot;,\&quot;MemorySectionName\&quot;:\&quot;None\&quot;,\&quot;MemorySectionChecksum\&quot;:\&quot;None\&quot;}&quot;,&quot;LocalParameters&quot;:&quot;{\&quot;Name\&quot;:\&quot;Default\&quot;,\&quot;Checksum\&quot;:\&quot;Default\&quot;,\&quot;PerInstancePropertiesChecksum\&quot;:\&quot;\&quot;,\&quot;MemorySectionName\&quot;:\&quot;None\&quot;,\&quot;MemorySectionChecksum\&quot;:\&quot;None\&quot;}&quot;,&quot;GlobalParameters&quot;:&quot;{\&quot;Name\&quot;:\&quot;Default\&quot;,\&quot;Checksum\&quot;:\&quot;Default\&quot;,\&quot;PerInstancePropertiesChecksum\&quot;:\&quot;\&quot;,\&quot;MemorySectionName\&quot;:\&quot;None\&quot;,\&quot;MemorySectionChecksum\&quot;:\&quot;None\&quot;}&quot;,&quot;InternalData&quot;:&quot;{\&quot;Name\&quot;:\&quot;Default\&quot;,\&quot;Checksum\&quot;:\&quot;Default\&quot;,\&quot;PerInstancePropertiesChecksum\&quot;:\&quot;\&quot;,\&quot;MemorySectionName\&quot;:\&quot;None\&quot;,\&quot;MemorySectionChecksum\&quot;:\&quot;None\&quot;}&quot;,&quot;SharedLocalDataStores&quot;:&quot;{\&quot;Name\&quot;:\&quot;Default\&quot;,\&quot;Checksum\&quot;:\&quot;Default\&quot;,\&quot;PerInstancePropertiesChecksum\&quot;:\&quot;\&quot;,\&quot;MemorySectionName\&quot;:\&quot;None\&quot;,\&quot;MemorySectionChecksum\&quot;:\&quot;None\&quot;}&quot;,&quot;GlobalDataStores&quot;:&quot;{\&quot;Name\&quot;:\&quot;Default\&quot;,\&quot;Checksum\&quot;:\&quot;Default\&quot;,\&quot;PerInstancePropertiesChecksum\&quot;:\&quot;\&quot;,\&quot;MemorySectionName\&quot;:\&quot;None\&quot;,\&quot;MemorySectionChecksum\&quot;:\&quot;None\&quot;}&quot;,&quot;Constants&quot;:&quot;{\&quot;Name\&quot;:\&quot;Default\&quot;,\&quot;Checksum\&quot;:\&quot;Default\&quot;,\&quot;PerInstancePropertiesChecksum\&quot;:\&quot;\&quot;,\&quot;MemorySectionName\&quot;:\&quot;None\&quot;,\&quot;MemorySectionChecksum\&quot;:\&quot;None\&quot;}&quot;,&quot;DataTransfers&quot;:&quot;{\&quot;Name\&quot;:\&quot;Default\&quot;,\&quot;Checksum\&quot;:\&quot;Default\&quot;,\&quot;PerInstancePropertiesChecksum\&quot;:\&quot;\&quot;,\&quot;MemorySectionName\&quot;:\&quot;None\&quot;,\&quot;MemorySectionChecksum\&quot;:\&quot;None\&quot;}&quot;,&quot;ModelData&quot;:&quot;{\&quot;Name\&quot;:\&quot;Default\&quot;,\&quot;Checksum\&quot;:\&quot;Default\&quot;,\&quot;PerInstancePropertiesChecksum\&quot;:\&quot;\&quot;,\&quot;MemorySectionName\&quot;:\&quot;None\&quot;,\&quot;MemorySectionChecksum\&quot;:\&quot;None\&quot;}&quot;,&quot;InitializeTerminate&quot;:&quot;{\&quot;Name\&quot;:\&quot;Default\&quot;,\&quot;Checksum\&quot;:\&quot;Default\&quot;,\&quot;PerInstancePropertiesChecksum\&quot;:\&quot;\&quot;,\&quot;MemorySectionName\&quot;:\&quot;None\&quot;,\&quot;MemorySectionChecksum\&quot;:\&quot;None\&quot;}&quot;,&quot;Execution&quot;:&quot;{\&quot;Name\&quot;:\&quot;Default\&quot;,\&quot;Checksum\&quot;:\&quot;Default\&quot;,\&quot;PerInstancePropertiesChecksum\&quot;:\&quot;\&quot;,\&quot;MemorySectionName\&quot;:\&quot;None\&quot;,\&quot;MemorySectionChecksum\&quot;:\&quot;None\&quot;}&quot;,&quot;SharedUtility&quot;:&quot;{\&quot;Name\&quot;:\&quot;Default\&quot;,\&quot;Checksum\&quot;:\&quot;Default\&quot;,\&quot;PerInstancePropertiesChecksum\&quot;:\&quot;\&quot;,\&quot;MemorySectionName\&quot;:\&quot;None\&quot;,\&quot;MemorySectionChecksum\&quot;:\&quot;None\&quot;}&quot;}</defaultsCMapping>
    <fundamentalSampleTimePeriod>.005</fundamentalSampleTimePeriod>
    <globalVariables>CommandBus</globalVariables>
    <globalVariables>Controller</globalVariables>
    <globalVariables>Estimator</globalVariables>
    <globalVariables>HAL_acc_SI_t</globalVariables>
    <globalVariables>HAL_acquisition_t</globalVariables>
    <globalVariables>HAL_echo_t</globalVariables>
    <globalVariables>HAL_fifo_gyro_SI_t</globalVariables>
    <globalVariables>HAL_gyro_SI_t</globalVariables>
    <globalVariables>HAL_list_echo_t</globalVariables>
    <globalVariables>HAL_magn_mG_t</globalVariables>
    <globalVariables>HAL_pressure_SI_t</globalVariables>
    <globalVariables>HAL_ultrasound_SI_t</globalVariables>
    <globalVariables>HAL_vbat_SI_t</globalVariables>
    <globalVariables>Sensors</globalVariables>
    <globalVariables>SensorsBus</globalVariables>
    <globalVariables>TFinal</globalVariables>
    <globalVariables>Ts</globalVariables>
    <globalVariables>Vehicle</globalVariables>
    <globalVariables>extraSensorData_t</globalVariables>
    <globalVariables>g</globalVariables>
    <globalVariables>init</globalVariables>
    <globalVariables>var_acc_angle_N</globalVariables>
    <globalVariables>var_bias_gyr_N</globalVariables>
    <globalVariables>var_gyro_p_N</globalVariables>
    <grToCompInputPortsMaps type="ModelRefInfoRepo.GrCompIOPortMaps" uuid="d5c31d9c-14d5-49ff-8fcc-3dc780693c85">
      <grAndCompPorts>0</grAndCompPorts>
      <grAndCompPorts>0</grAndCompPorts>
    </grToCompInputPortsMaps>
    <grToCompInputPortsMaps type="ModelRefInfoRepo.GrCompIOPortMaps" uuid="f08a8cb5-011d-46a9-b780-0ca9a4056fe9">
      <grAndCompPorts>1</grAndCompPorts>
      <grAndCompPorts>1</grAndCompPorts>
    </grToCompInputPortsMaps>
    <grToCompInputPortsMaps type="ModelRefInfoRepo.GrCompIOPortMaps" uuid="959fbd30-648f-41bd-b9dc-e9194538cf84">
      <grAndCompPorts>2</grAndCompPorts>
      <grAndCompPorts>2</grAndCompPorts>
    </grToCompInputPortsMaps>
    <grToCompOutputPortsMaps type="ModelRefInfoRepo.GrCompIOPortMaps" uuid="1bb9696c-b236-48e7-9499-a8a92f81c43c">
      <grAndCompPorts>0</grAndCompPorts>
      <grAndCompPorts>0</grAndCompPorts>
    </grToCompOutputPortsMaps>
    <grToCompOutputPortsMaps type="ModelRefInfoRepo.GrCompIOPortMaps" uuid="f6cc944b-6bbc-4a84-a854-d99a83f5cf69">
      <grAndCompPorts>1</grAndCompPorts>
      <grAndCompPorts>1</grAndCompPorts>
    </grToCompOutputPortsMaps>
    <hasBlockWithPeriodicDiscreteSampleTime>true</hasBlockWithPeriodicDiscreteSampleTime>
    <hasBwsAccessed>true</hasBwsAccessed>
    <hasBwsAccessedByAnyModel>true</hasBwsAccessedByAnyModel>
    <hasConstantOutput>false</hasConstantOutput>
    <hasInternalModelWideEventTs>true</hasInternalModelWideEventTs>
    <hasModelWideEventTs>true</hasModelWideEventTs>
    <hasNonVirtualConstantTs>true</hasNonVirtualConstantTs>
    <hasNonVirtualParameterChangeEvents>true</hasNonVirtualParameterChangeEvents>
    <hasVariantModelOrSubsystem>true</hasVariantModelOrSubsystem>
    <inports type="ModelRefInfoRepo.InportInformation" uuid="e9123d3f-7f37-436c-b930-fc888e33ddfc">
      <isNotDerivPort>true</isNotDerivPort>
      <designMax>Inf</designMax>
      <designMin>-Inf</designMin>
      <indexType>2</indexType>
      <rateInfo type="ModelRefInfoRepo.RateInfo">
        <compiled>true</compiled>
        <nonFcnCallPartitionName>D1</nonFcnCallPartitionName>
        <period>.005</period>
        <priority>40</priority>
        <rateIdx>0</rateIdx>
      </rateInfo>
      <resolvedSignalObject></resolvedSignalObject>
      <sigNameToEMVCEMap type="ModelRefInfoRepo.SigNameEMVCEInfo" uuid="9fcafcc6-111f-49c8-875c-aa276af3d00d"/>
    </inports>
    <inports type="ModelRefInfoRepo.InportInformation" uuid="de524fad-91ab-4bc1-8633-ea62876ed76d">
      <isNotDerivPort>true</isNotDerivPort>
      <designMax>Inf</designMax>
      <designMin>-Inf</designMin>
      <indexType>2</indexType>
      <originalPortNumber>1</originalPortNumber>
      <rateInfo type="ModelRefInfoRepo.RateInfo">
        <compiled>true</compiled>
        <nonFcnCallPartitionName>D1</nonFcnCallPartitionName>
        <period>.005</period>
        <priority>40</priority>
        <rateIdx>0</rateIdx>
      </rateInfo>
      <resolvedSignalObject></resolvedSignalObject>
      <sigNameToEMVCEMap type="ModelRefInfoRepo.SigNameEMVCEInfo" uuid="fc7a6b83-38f2-4cf2-bc47-4bcbfefe09af"/>
    </inports>
    <inports type="ModelRefInfoRepo.InportInformation" uuid="a7663ab1-1c5c-46a5-911b-94436890243d">
      <isNotDerivPort>true</isNotDerivPort>
      <designMax>Inf</designMax>
      <designMin>-Inf</designMin>
      <indexType>2</indexType>
      <originalPortNumber>2</originalPortNumber>
      <rateInfo type="ModelRefInfoRepo.RateInfo">
        <compiled>true</compiled>
        <nonFcnCallPartitionName>D1</nonFcnCallPartitionName>
        <period>.005</period>
        <priority>40</priority>
        <rateIdx>0</rateIdx>
      </rateInfo>
      <resolvedSignalObject></resolvedSignalObject>
      <sigNameToEMVCEMap type="ModelRefInfoRepo.SigNameEMVCEInfo" uuid="4c8fae98-7469-4490-af59-357eedb51eb0"/>
    </inports>
    <isAperiodicRootFcnCallSystem>false</isAperiodicRootFcnCallSystem>
    <isNumAllowedInstancesOne>true</isNumAllowedInstancesOne>
    <isOrigInportVirtualBus>false</isOrigInportVirtualBus>
    <isOrigInportVirtualBus>false</isOrigInportVirtualBus>
    <isOrigInportVirtualBus>false</isOrigInportVirtualBus>
    <isOrigOutportVirtualBus>false</isOrigOutportVirtualBus>
    <isOrigOutportVirtualBus>false</isOrigOutportVirtualBus>
    <isPreCompSingleRate>false</isPreCompSingleRate>
    <isRefModelConstant>false</isRefModelConstant>
    <isRootFcnCallPortGroupsEmpty>true</isRootFcnCallPortGroupsEmpty>
    <loggingSaveFormat>6</loggingSaveFormat>
    <maxFreqHz>-1.0</maxFreqHz>
    <multiThreadingBlockers>RUNTIME_THREAD_SAFETY_COMPLIANCE_TRUE not declared #MTCSBlocker_RTThrSafe</multiThreadingBlockers>
    <multiThreadingBlockers>RUNTIME_THREAD_SAFETY_COMPLIANCE_TRUE not declared #MTCSBlocker_RTThrSafe</multiThreadingBlockers>
    <multiThreadingBlockers>Direct feedthrough #MTCSBlocker_DF</multiThreadingBlockers>
    <multiThreadingBlockers>Multirate #MTCSBlocker_Multirate</multiThreadingBlockers>
    <multiThreadingBlockers>RUNTIME_THREAD_SAFETY_COMPLIANCE_TRUE not declared #MTCSBlocker_RTThrSafe</multiThreadingBlockers>
    <multiThreadingBlockers>Multirate #MTCSBlocker_Multirate</multiThreadingBlockers>
    <multiThreadingBlockers>RUNTIME_THREAD_SAFETY_COMPLIANCE_TRUE not declared #MTCSBlocker_RTThrSafe</multiThreadingBlockers>
    <multiThreadingBlockers>SS_OPTION_EXCEPTION_FREE_CODE not declared #MTCSBlocker_ExcFree</multiThreadingBlockers>
    <multiThreadingBlockers>Multirate #MTCSBlocker_Multirate</multiThreadingBlockers>
    <multiThreadingBlockers>RUNTIME_THREAD_SAFETY_COMPLIANCE_TRUE not declared #MTCSBlocker_RTThrSafe</multiThreadingBlockers>
    <multiThreadingBlockers>SS_OPTION_EXCEPTION_FREE_CODE not declared #MTCSBlocker_ExcFree</multiThreadingBlockers>
    <multiThreadingBlockers>Multirate #MTCSBlocker_Multirate</multiThreadingBlockers>
    <multiThreadingBlockers>RUNTIME_THREAD_SAFETY_COMPLIANCE_TRUE not declared #MTCSBlocker_RTThrSafe</multiThreadingBlockers>
    <multiThreadingBlockers>SS_OPTION_EXCEPTION_FREE_CODE not declared #MTCSBlocker_ExcFree</multiThreadingBlockers>
    <multiThreadingBlockers>Multirate #MTCSBlocker_Multirate</multiThreadingBlockers>
    <multiThreadingBlockers>RUNTIME_THREAD_SAFETY_COMPLIANCE_TRUE not declared #MTCSBlocker_RTThrSafe</multiThreadingBlockers>
    <multiThreadingBlockers>SS_OPTION_EXCEPTION_FREE_CODE not declared #MTCSBlocker_ExcFree</multiThreadingBlockers>
    <multiThreadingBlockers>Multirate #MTCSBlocker_Multirate</multiThreadingBlockers>
    <multiThreadingBlockers>RUNTIME_THREAD_SAFETY_COMPLIANCE_TRUE not declared #MTCSBlocker_RTThrSafe</multiThreadingBlockers>
    <multiThreadingBlockers>SS_OPTION_EXCEPTION_FREE_CODE not declared #MTCSBlocker_ExcFree</multiThreadingBlockers>
    <multiThreadingBlockers>Multirate #MTCSBlocker_Multirate</multiThreadingBlockers>
    <multiThreadingBlockers>RUNTIME_THREAD_SAFETY_COMPLIANCE_TRUE not declared #MTCSBlocker_RTThrSafe</multiThreadingBlockers>
    <multiThreadingBlockers>SS_OPTION_EXCEPTION_FREE_CODE not declared #MTCSBlocker_ExcFree</multiThreadingBlockers>
    <multiThreadingBlockers>Multirate #MTCSBlocker_Multirate</multiThreadingBlockers>
    <multiThreadingBlockers>RUNTIME_THREAD_SAFETY_COMPLIANCE_TRUE not declared #MTCSBlocker_RTThrSafe</multiThreadingBlockers>
    <multiThreadingBlockers>SS_OPTION_EXCEPTION_FREE_CODE not declared #MTCSBlocker_ExcFree</multiThreadingBlockers>
    <multiThreadingBlockers>Multirate #MTCSBlocker_Multirate</multiThreadingBlockers>
    <multiThreadingBlockers>RUNTIME_THREAD_SAFETY_COMPLIANCE_TRUE not declared #MTCSBlocker_RTThrSafe</multiThreadingBlockers>
    <multiThreadingBlockers>SS_OPTION_EXCEPTION_FREE_CODE not declared #MTCSBlocker_ExcFree</multiThreadingBlockers>
    <multiThreadingBlockers>Multirate #MTCSBlocker_Multirate</multiThreadingBlockers>
    <multiThreadingBlockers>RUNTIME_THREAD_SAFETY_COMPLIANCE_TRUE not declared #MTCSBlocker_RTThrSafe</multiThreadingBlockers>
    <multiThreadingBlockers>SS_OPTION_EXCEPTION_FREE_CODE not declared #MTCSBlocker_ExcFree</multiThreadingBlockers>
    <multiThreadingBlockers>Multirate #MTCSBlocker_Multirate</multiThreadingBlockers>
    <multiThreadingBlockers>RUNTIME_THREAD_SAFETY_COMPLIANCE_TRUE not declared #MTCSBlocker_RTThrSafe</multiThreadingBlockers>
    <multiThreadingBlockers>SS_OPTION_EXCEPTION_FREE_CODE not declared #MTCSBlocker_ExcFree</multiThreadingBlockers>
    <multiThreadingBlockers>RUNTIME_THREAD_SAFETY_COMPLIANCE_TRUE not declared #MTCSBlocker_RTThrSafe</multiThreadingBlockers>
    <multiThreadingBlockers>Multirate #MTCSBlocker_Multirate</multiThreadingBlockers>
    <multiThreadingBlockers>RUNTIME_THREAD_SAFETY_COMPLIANCE_TRUE not declared #MTCSBlocker_RTThrSafe</multiThreadingBlockers>
    <multiThreadingBlockers>SS_OPTION_EXCEPTION_FREE_CODE not declared #MTCSBlocker_ExcFree</multiThreadingBlockers>
    <multiThreadingBlockers>Multirate #MTCSBlocker_Multirate</multiThreadingBlockers>
    <multiThreadingBlockers>RUNTIME_THREAD_SAFETY_COMPLIANCE_TRUE not declared #MTCSBlocker_RTThrSafe</multiThreadingBlockers>
    <multiThreadingBlockers>SS_OPTION_EXCEPTION_FREE_CODE not declared #MTCSBlocker_ExcFree</multiThreadingBlockers>
    <multiThreadingBlockers>Multirate #MTCSBlocker_Multirate</multiThreadingBlockers>
    <multiThreadingBlockers>RUNTIME_THREAD_SAFETY_COMPLIANCE_TRUE not declared #MTCSBlocker_RTThrSafe</multiThreadingBlockers>
    <multiThreadingBlockers>SS_OPTION_EXCEPTION_FREE_CODE not declared #MTCSBlocker_ExcFree</multiThreadingBlockers>
    <multiThreadingBlockers>RUNTIME_THREAD_SAFETY_COMPLIANCE_TRUE not declared #MTCSBlocker_RTThrSafe</multiThreadingBlockers>
    <multiThreadingBlockers>Direct feedthrough #MTCSBlocker_DF</multiThreadingBlockers>
    <multiThreadingBlockers>RUNTIME_THREAD_SAFETY_COMPLIANCE_TRUE not declared #MTCSBlocker_RTThrSafe</multiThreadingBlockers>
    <multiThreadingBlockers>Direct feedthrough #MTCSBlocker_DF</multiThreadingBlockers>
    <multiThreadingBlockers>RUNTIME_THREAD_SAFETY_COMPLIANCE_TRUE not declared #MTCSBlocker_RTThrSafe</multiThreadingBlockers>
    <numDStateRecs>34</numDStateRecs>
    <numDataInputPorts>3</numDataInputPorts>
    <numLoggableDStateRecs>34</numLoggableDStateRecs>
    <numModelWideEventTs>1</numModelWideEventTs>
    <numPortlessSimulinkFunctionPortGroups>0</numPortlessSimulinkFunctionPortGroups>
    <numRuntimeExportedRates>1</numRuntimeExportedRates>
    <numTs>2</numTs>
    <origInportBusType>CommandBus</origInportBusType>
    <origInportBusType>SensorsBus</origInportBusType>
    <origInportBusType></origInportBusType>
    <origOutportBusOutputAsStruct>false</origOutportBusOutputAsStruct>
    <origOutportBusOutputAsStruct>false</origOutportBusOutputAsStruct>
    <origOutportBusType></origOutportBusType>
    <origOutportBusType></origOutportBusType>
    <outports type="ModelRefInfoRepo.OutportInformation" uuid="2802465b-39af-407e-97a9-96bcab22f5ce">
      <okToMerge>3</okToMerge>
      <RTWSignalIdentifier>motors</RTWSignalIdentifier>
      <designMax>Inf</designMax>
      <designMin>-Inf</designMin>
      <indexType>2</indexType>
      <rateInfo type="ModelRefInfoRepo.RateInfo">
        <compiled>true</compiled>
        <nonFcnCallPartitionName>D1</nonFcnCallPartitionName>
        <period>.005</period>
        <priority>40</priority>
        <rateIdx>0</rateIdx>
      </rateInfo>
      <resolvedSignalObject></resolvedSignalObject>
      <sigNameToEMVCEMap type="ModelRefInfoRepo.SigNameEMVCEInfo" uuid="966cba3f-7c7f-4ef5-8f42-17c310afdef4"/>
    </outports>
    <outports type="ModelRefInfoRepo.OutportInformation" uuid="331eaaf1-02af-4abc-9cb8-107d3f350143">
      <computeICInFirstInitialize>true</computeICInFirstInitialize>
      <hasSystemInitMethod>true</hasSystemInitMethod>
      <okToMerge>3</okToMerge>
      <RTWSignalIdentifier>flag</RTWSignalIdentifier>
      <designMax>Inf</designMax>
      <designMin>-Inf</designMin>
      <indexType>2</indexType>
      <originalPortNumber>1</originalPortNumber>
      <rateInfo type="ModelRefInfoRepo.RateInfo">
        <compiled>true</compiled>
        <nonFcnCallPartitionName>D1</nonFcnCallPartitionName>
        <period>.005</period>
        <priority>40</priority>
        <rateIdx>0</rateIdx>
      </rateInfo>
      <resolvedSignalObject></resolvedSignalObject>
      <sigNameToEMVCEMap type="ModelRefInfoRepo.SigNameEMVCEInfo" uuid="666a6874-fa39-49bf-9a76-52a61f52793c"/>
    </outports>
    <preCompAllowConstTsOnPorts>false</preCompAllowConstTsOnPorts>
    <preCompAllowPortBasedInTriggeredSS>false</preCompAllowPortBasedInTriggeredSS>
    <runtimeNonFcnCallRateInfos type="ModelRefInfoRepo.RateInfo">
      <compiled>true</compiled>
      <nonFcnCallPartitionName>D1</nonFcnCallPartitionName>
      <period>.005</period>
      <priority>40</priority>
      <rateIdx>0</rateIdx>
    </runtimeNonFcnCallRateInfos>
    <sampleTimeInheritanceRule>2</sampleTimeInheritanceRule>
    <timingAndTaskingRegistry>&lt;?xml version=&quot;1.0&quot;?&gt;
&lt;slexec_sto version=&quot;1.1&quot; packageUris=&quot;http://schema.mathworks.com/mf0/slexec_mm_sto/R2019b_201902271317&quot;&gt;
  &lt;sto.Registry type=&quot;sto.Registry&quot; uuid=&quot;0785baf8-21de-470f-8825-97f64a6e9e75&quot;&gt;
    &lt;clocks type=&quot;sto.Timer&quot; uuid=&quot;ffda5ed3-3b40-40c2-a597-8659ea24d720&quot;&gt;
      &lt;needsToProvideTimeDuringExecution&gt;true&lt;/needsToProvideTimeDuringExecution&gt;
      &lt;clockTickConstraint&gt;PeriodicWithFixedResolution&lt;/clockTickConstraint&gt;
      &lt;resolution&gt;.005&lt;/resolution&gt;
      &lt;specifiedTaskingMode&gt;ClassicMultiTasking&lt;/specifiedTaskingMode&gt;
      &lt;timeAdvanceMode&gt;FixedStep&lt;/timeAdvanceMode&gt;
      &lt;clockDomain type=&quot;sto.ClockDomain&quot; uuid=&quot;e1c957ae-1367-41cb-b13f-df0b517ea5bf&quot;&gt;
        &lt;baseTaskID&gt;_task0&lt;/baseTaskID&gt;
        &lt;computedFundamentalStepSize&gt;.005&lt;/computedFundamentalStepSize&gt;
        &lt;rates type=&quot;sto.Rate&quot; uuid=&quot;c7a10179-f428-4591-8935-e698234dc9fc&quot;/&gt;
        &lt;rootTaskHierarchyElements type=&quot;sto.Task&quot; uuid=&quot;a3c685fc-0a59-4c7b-8c15-dbf7c988e35a&quot;&gt;
          &lt;isExecutable&gt;true&lt;/isExecutable&gt;
          &lt;orderIndex&gt;1&lt;/orderIndex&gt;
          &lt;rates type=&quot;sto.Rate&quot; uuid=&quot;c7a10179-f428-4591-8935-e698234dc9fc&quot;&gt;
            &lt;annotation&gt;D1&lt;/annotation&gt;
            &lt;colorIndex&gt;2&lt;/colorIndex&gt;
            &lt;description&gt;Discrete 1&lt;/description&gt;
            &lt;eventSourceType&gt;UNSPECIFIED_EVENT_SOURCE&lt;/eventSourceType&gt;
            &lt;registry type=&quot;sto.Registry&quot; uuid=&quot;0785baf8-21de-470f-8825-97f64a6e9e75&quot;/&gt;
            &lt;taskId&gt;_task0&lt;/taskId&gt;
            &lt;rateSpec type=&quot;sto.RateSpec&quot; uuid=&quot;8c1684f3-0e41-41fd-8dfc-b2a5d8bf83cd&quot;&gt;
              &lt;period&gt;.005&lt;/period&gt;
              &lt;rateType&gt;ClassicPeriodicDiscrete&lt;/rateType&gt;
            &lt;/rateSpec&gt;
          &lt;/rates&gt;
          &lt;elementType&gt;Task&lt;/elementType&gt;
          &lt;identifier&gt;_task0&lt;/identifier&gt;
          &lt;priority&gt;40&lt;/priority&gt;
        &lt;/rootTaskHierarchyElements&gt;
      &lt;/clockDomain&gt;
    &lt;/clocks&gt;
    &lt;clocks type=&quot;sto.Event&quot; uuid=&quot;5a754fdd-f23e-4dc8-a4fe-a772e05c0990&quot;&gt;
      &lt;clientId&gt;ParameterChangeEvent&lt;/clientId&gt;
      &lt;eventType&gt;PARAMETER_CHANGE_EVENT&lt;/eventType&gt;
      &lt;cNum&gt;1&lt;/cNum&gt;
      &lt;clockType&gt;Event&lt;/clockType&gt;
      &lt;identifier&gt;ParameterChangeEvent&lt;/identifier&gt;
      &lt;resolution&gt;-1.0&lt;/resolution&gt;
      &lt;specifiedTaskingMode&gt;ExplicitTasking&lt;/specifiedTaskingMode&gt;
      &lt;timeAdvanceMode&gt;None&lt;/timeAdvanceMode&gt;
      &lt;clockDomain type=&quot;sto.ClockDomain&quot; uuid=&quot;9dd36b8b-e79b-4fa6-aa1d-978f5c52bd1b&quot;&gt;
        &lt;computedFundamentalStepSize&gt;-1.0&lt;/computedFundamentalStepSize&gt;
        &lt;rates type=&quot;sto.Rate&quot; uuid=&quot;99514099-729c-4784-99b8-fe4ade03cc1d&quot;/&gt;
        &lt;rootTaskHierarchyElements type=&quot;sto.Task&quot; uuid=&quot;d5143fb7-d6ea-4573-8d93-ac5d3ab3f35f&quot;&gt;
          &lt;isExecutable&gt;true&lt;/isExecutable&gt;
          &lt;isExplicit&gt;true&lt;/isExplicit&gt;
          &lt;rates type=&quot;sto.Rate&quot; uuid=&quot;99514099-729c-4784-99b8-fe4ade03cc1d&quot;&gt;
            &lt;annotation&gt;Inf&lt;/annotation&gt;
            &lt;colorIndex&gt;6&lt;/colorIndex&gt;
            &lt;description&gt;Constant&lt;/description&gt;
            &lt;eventSourceType&gt;PARAMETER_CHANGE_EVENT&lt;/eventSourceType&gt;
            &lt;rateIDX&gt;1&lt;/rateIDX&gt;
            &lt;registry type=&quot;sto.Registry&quot; uuid=&quot;0785baf8-21de-470f-8825-97f64a6e9e75&quot;/&gt;
            &lt;stringID&gt;ParameterChangeEvent&lt;/stringID&gt;
            &lt;taskId&gt;ModelWideParameterChangeEvent&lt;/taskId&gt;
            &lt;rateSpec type=&quot;sto.RateSpec&quot; uuid=&quot;17c4b592-1c49-468b-8370-349db94d7683&quot;&gt;
              &lt;period&gt;Inf&lt;/period&gt;
              &lt;rateType&gt;ModelWideParameterChangeEvent&lt;/rateType&gt;
            &lt;/rateSpec&gt;
          &lt;/rates&gt;
          &lt;tNum&gt;1&lt;/tNum&gt;
          &lt;elementType&gt;Task&lt;/elementType&gt;
          &lt;identifier&gt;ModelWideParameterChangeEvent&lt;/identifier&gt;
          &lt;priority&gt;-1&lt;/priority&gt;
          &lt;schedulingClockID&gt;ParameterChangeEvent&lt;/schedulingClockID&gt;
        &lt;/rootTaskHierarchyElements&gt;
      &lt;/clockDomain&gt;
    &lt;/clocks&gt;
    &lt;executionSpec&gt;Undetermined&lt;/executionSpec&gt;
    &lt;hasUnknownEdges&gt;true&lt;/hasUnknownEdges&gt;
    &lt;taskDependencyGraph type=&quot;sto.SerializedTaskConnectionList&quot; uuid=&quot;5a558e65-2e8b-4a4e-9f31-08cd2c98e8b5&quot;&gt;
      &lt;serializedConnectionProperties type=&quot;sto.SerializedConnectionProperties&quot; uuid=&quot;7ccfa0ba-de59-462a-aebc-8698b3f035ee&quot;&gt;
        &lt;expectedExecOrder&gt;TargetFirst&lt;/expectedExecOrder&gt;
        &lt;targetClockIdentifier&gt;ParameterChangeEvent&lt;/targetClockIdentifier&gt;
        &lt;targetTaskIdentifier&gt;ModelWideParameterChangeEvent&lt;/targetTaskIdentifier&gt;
      &lt;/serializedConnectionProperties&gt;
      &lt;taskIdentifier&gt;_task0&lt;/taskIdentifier&gt;
    &lt;/taskDependencyGraph&gt;
    &lt;taskDependencyGraph type=&quot;sto.SerializedTaskConnectionList&quot; uuid=&quot;272fa713-69c9-4002-ab9a-469431d89067&quot;&gt;
      &lt;clockIdentifier&gt;ParameterChangeEvent&lt;/clockIdentifier&gt;
      &lt;serializedConnectionProperties type=&quot;sto.SerializedConnectionProperties&quot; uuid=&quot;503ba6a5-a1f0-4915-ab46-5daddd69fe86&quot;&gt;
        &lt;expectedExecOrder&gt;SourceFirst&lt;/expectedExecOrder&gt;
        &lt;targetTaskIdentifier&gt;_task0&lt;/targetTaskIdentifier&gt;
      &lt;/serializedConnectionProperties&gt;
      &lt;taskIdentifier&gt;ModelWideParameterChangeEvent&lt;/taskIdentifier&gt;
    &lt;/taskDependencyGraph&gt;
    &lt;taskPriorityDirection&gt;HighNumberLast&lt;/taskPriorityDirection&gt;
    &lt;taskingMode&gt;ClassicMultiTasking&lt;/taskingMode&gt;
    &lt;tasks type=&quot;sto.Task&quot; uuid=&quot;a3c685fc-0a59-4c7b-8c15-dbf7c988e35a&quot;/&gt;
    &lt;tasks type=&quot;sto.Task&quot; uuid=&quot;d5143fb7-d6ea-4573-8d93-ac5d3ab3f35f&quot;/&gt;
    &lt;timeAdvanceMode&gt;FixedStep&lt;/timeAdvanceMode&gt;
  &lt;/sto.Registry&gt;
&lt;/slexec_sto&gt;</timingAndTaskingRegistry>
    <usePortBasedSampleTime>false</usePortBasedSampleTime>
    <userSpecifiedFixedStepSize>.005</userSpecifiedFixedStepSize>
    <zeroCrossingInfo type="ModelRefInfoRepo.ZeroCrossingInfo" uuid="e6da8dec-093d-49c3-9ba3-4e78cc801310">
      <direction>63</direction>
      <isDiscrete>true</isDiscrete>
      <name>Trig</name>
      <needsEventNotification>true</needsEventNotification>
      <tolerance>-1.0</tolerance>
      <type>1</type>
      <width>1</width>
    </zeroCrossingInfo>
    <FMUBlockMap type="ModelRefInfoRepo.FMUBlockInfo" uuid="3450e246-97e2-4c8b-9211-a3d063f915e7"/>
    <codeGenInfo type="ModelRefInfoRepo.CodeGenInformation" uuid="169e3ac1-eb56-46cc-8a75-d9db7275d34b">
      <DWorkTypeName>lhjbdsj2rjg</DWorkTypeName>
    </codeGenInfo>
    <configSettingsForConsistencyChecks type="ModelRefInfoRepo.ConfigSettingsForConsistencyChecks" uuid="7fce5fbc-42bc-43c4-972b-1e69ba5534dd">
      <consistentOutportInitialization>true</consistentOutportInitialization>
      <fixedStepSize>.005</fixedStepSize>
      <frameDiagnosticSetting>2</frameDiagnosticSetting>
      <hasHybridSampleTime>true</hasHybridSampleTime>
      <signalLoggingSaveFormat>2</signalLoggingSaveFormat>
      <simSIMDOptimization>1</simSIMDOptimization>
      <solverName>FixedStepDiscrete</solverName>
      <solverType>SOLVER_TYPE_FIXEDSTEP</solverType>
      <hardwareSettings type="ModelRefInfoRepo.HardwareSettings" uuid="7708bb1d-c045-41b5-89ce-4f82fac8a81b">
        <prodBitPerChar>8</prodBitPerChar>
        <prodBitPerDouble>64</prodBitPerDouble>
        <prodBitPerFloat>32</prodBitPerFloat>
        <prodBitPerInt>32</prodBitPerInt>
        <prodBitPerLong>32</prodBitPerLong>
        <prodBitPerLongLong>64</prodBitPerLongLong>
        <prodBitPerPointer>32</prodBitPerPointer>
        <prodBitPerPtrDiffT>32</prodBitPerPtrDiffT>
        <prodBitPerShort>16</prodBitPerShort>
        <prodBitPerSizeT>32</prodBitPerSizeT>
        <prodEndianess>1</prodEndianess>
        <prodLargestAtomicInteger>3</prodLargestAtomicInteger>
        <prodShiftRight>true</prodShiftRight>
        <prodWordSize>32</prodWordSize>
      </hardwareSettings>
    </configSettingsForConsistencyChecks>
    <controllableInputRatesMap type="ModelRefInfoRepo.VarTsUIDMap" uuid="f943ce6a-c748-41fc-b644-617b492c75e4"/>
    <controllableOutputRatesMap type="ModelRefInfoRepo.VarTsUIDMap" uuid="bf501c19-b96c-46b3-a3e5-b88b78653186"/>
    <dataPortGroup type="ModelRefInfoRepo.DataPortGroup" uuid="58e640d6-4366-4e58-aae1-551cfb0fd700">
      <compDataInputPorts>0</compDataInputPorts>
      <compDataInputPorts>1</compDataInputPorts>
      <compDataInputPorts>2</compDataInputPorts>
      <compDataOutputPorts>0</compDataOutputPorts>
      <compDataOutputPorts>1</compDataOutputPorts>
      <dataInputPorts>0</dataInputPorts>
      <dataInputPorts>1</dataInputPorts>
      <dataInputPorts>2</dataInputPorts>
      <dataOutputPorts>0</dataOutputPorts>
      <dataOutputPorts>1</dataOutputPorts>
    </dataPortGroup>
    <expFcnUnconnectedDataPortGroup type="ModelRefInfoRepo.DataPortGroup" uuid="8b4d915a-0f2e-484c-89c9-95740247ecdc"/>
    <interfaceParameterInfo type="ModelRefInfoRepo.InterfaceParameterInfo" uuid="9eefdcc4-3a99-4127-a4c6-c3adfb47e88c">
      <globalVariables type="ModelRefInfoRepo.StructureParameter" uuid="7618dc43-81b5-4ba6-b2e2-27eefc4e34d5">
        <datatypeChecksum>4076731538</datatypeChecksum>
        <datatypeChecksum>1078181566</datatypeChecksum>
        <datatypeChecksum>2647940046</datatypeChecksum>
        <datatypeChecksum>3021886112</datatypeChecksum>
        <datatypeIsAnonymous>true</datatypeIsAnonymous>
        <datatypeName>struct_8SSZ93PxvPkADZcA4gG8MD</datatypeName>
        <dimensions>1</dimensions>
        <dimensions>1</dimensions>
        <isUsed>true</isUsed>
        <numDimensions>2</numDimensions>
        <parameterName>Sensors</parameterName>
      </globalVariables>
    </interfaceParameterInfo>
    <messageInfo type="ModelRefInfoRepo.MessageInformation" uuid="e8bde098-233a-4cf4-8e61-1bd1df2d34de"/>
    <methodInfo type="ModelRefInfoRepo.MethodExistenceInfo" uuid="e5509d9a-da3e-4799-a223-431fc6583ede">
      <hasDisableMethod>true</hasDisableMethod>
      <hasEnableMethod>true</hasEnableMethod>
      <hasSystemInitializeMethod>true</hasSystemInitializeMethod>
      <hasSystemResetMethod>true</hasSystemResetMethod>
      <hasTerminateMethod>true</hasTerminateMethod>
      <hasUpdateMethod>true</hasUpdateMethod>
    </methodInfo>
    <periodicEventPortUnsupportedBlockInfo type="ModelRefInfoRepo.PeriodicEventPortUnsupportedBlockInfo" uuid="d7825154-3c7d-4169-8458-c29fbd441cc4"/>
    <portGroupsRequireSameRate type="ModelRefInfoRepo.PortGroupsRequireSameRate" uuid="4d51fda9-930f-4328-adf6-76f103a434e3">
      <DSMPortGroups type="ModelRefInfoRepo.NameToPortGroupIdxVectMap" uuid="10abfa81-41ac-44a3-9c2a-5dbea1e06616"/>
      <GlobalDSMPortGroups type="ModelRefInfoRepo.NameToPortGroupIdxVectMap" uuid="78dd8e38-4676-4c82-be22-53e68d92aa99"/>
      <mergedPortGroups type="ModelRefInfoRepo.NameToPortGroupIdxVectMap" uuid="71e76cec-cab4-403c-a0bb-ba4536e826fb"/>
    </portGroupsRequireSameRate>
    <rateSpecOfGlobalDSMAccessedByDescExpFcnMdlMap type="ModelRefInfoRepo.GlobalDSMRateSpecMap" uuid="48654b07-658a-42c3-9953-7893e2bc91ee"/>
    <rootBlockDiagramInterface type="ci.Model" uuid="4f0d30c3-43ba-4f28-9119-a90cfa6d4ce7">
      <p_RootComponentInterface type="ci.ComponentInterface" uuid="477e2e90-40d7-4fa9-b01f-f4f50c6d08e4">
        <p_InputPorts type="ci.SignalInterface" uuid="a4737173-6bbe-4325-8f5f-56b02d3dd80f">
          <p_ComputedNumericDimensions>1.0</p_ComputedNumericDimensions>
          <p_ComputedSampleTime>.005</p_ComputedSampleTime>
          <p_ComputedSampleTime>0.0</p_ComputedSampleTime>
          <p_ComputedType>CommandBus</p_ComputedType>
        </p_InputPorts>
        <p_InputPorts type="ci.SignalInterface" uuid="9010a8d7-52b3-471c-9850-7698ab50c6ba">
          <p_ComputedNumericDimensions>1.0</p_ComputedNumericDimensions>
          <p_ComputedSampleTime>.005</p_ComputedSampleTime>
          <p_ComputedSampleTime>0.0</p_ComputedSampleTime>
          <p_ComputedType>SensorsBus</p_ComputedType>
        </p_InputPorts>
        <p_InputPorts type="ci.SignalInterface" uuid="e97989b7-d045-40a9-acfb-0883997127a4">
          <p_ComputedNumericDimensions>4.0</p_ComputedNumericDimensions>
          <p_ComputedNumericDimensions>9600.0</p_ComputedNumericDimensions>
          <p_ComputedSampleTime>.005</p_ComputedSampleTime>
          <p_ComputedSampleTime>0.0</p_ComputedSampleTime>
          <p_ComputedType>uint8</p_ComputedType>
        </p_InputPorts>
        <p_Name>flightControlSystem</p_Name>
        <p_OutputPorts type="ci.SignalInterface" uuid="9ba413cf-57d0-4859-a036-2466cae1cd92">
          <p_ComputedNumericDimensions>4.0</p_ComputedNumericDimensions>
          <p_ComputedSampleTime>.005</p_ComputedSampleTime>
          <p_ComputedSampleTime>0.0</p_ComputedSampleTime>
          <p_ComputedType>single</p_ComputedType>
        </p_OutputPorts>
        <p_OutputPorts type="ci.SignalInterface" uuid="64816c2a-2907-436b-9bce-2fa127346002">
          <p_ComputedNumericDimensions>1.0</p_ComputedNumericDimensions>
          <p_ComputedSampleTime>.005</p_ComputedSampleTime>
          <p_ComputedSampleTime>0.0</p_ComputedSampleTime>
          <p_ComputedType>uint8</p_ComputedType>
        </p_OutputPorts>
        <p_Type>ROOT</p_Type>
      </p_RootComponentInterface>
    </rootBlockDiagramInterface>
    <simulinkFunctions type="ModelRefInfoRepo.SimulinkFunctions" uuid="34335174-2a22-4b47-b4bd-c98cfaf4fe57">
      <compSimulinkFunctionCatalog></compSimulinkFunctionCatalog>
    </simulinkFunctions>
    <stateWriterToOwnerMap type="ModelRefInfoRepo.StateWriterInfo" uuid="a2e6cd88-3f62-4d1c-bb27-88ae1f99e797"/>
    <stoClientDataRegistry type="sto.ClientDataRegistry" uuid="f45fb6a6-949e-438d-ae5d-627a9d8a8e8c">
      <dataSets type="sto.ClientClockNamedDataSet" uuid="df4a0295-a70e-4bef-8679-af0789ca576b">
        <tag>sltpEvents</tag>
      </dataSets>
      <dataSets type="sto.ClientTaskHierarchyElementNamedDataSet" uuid="9f31f0b9-cdd9-46eb-8c24-724548e2bc08">
        <tag>sltpTaskGroups</tag>
      </dataSets>
      <dataSets type="sto.ClientTaskHierarchyElementNamedDataSet" uuid="294bdd4b-e72e-4ad8-a250-859425d94a09">
        <dSet type="ModelRefInfoRepo.SltpTaskData" uuid="5471393f-d066-436c-8f5d-4e0a81a3f653"/>
        <tSet type="ModelRefInfoRepo.SltpTaskData" uuid="5471393f-d066-436c-8f5d-4e0a81a3f653">
          <dataName>D1</dataName>
          <linkedSet type="sto.ClientTaskHierarchyElementNamedDataSet" uuid="294bdd4b-e72e-4ad8-a250-859425d94a09"/>
          <id type="sto.TaskHierarchyElementId">
            <id>_task0</id>
          </id>
        </tSet>
        <tag>sltpTasks</tag>
      </dataSets>
    </stoClientDataRegistry>
    <varTsUIDMap type="ModelRefInfoRepo.VarTsUIDMap" uuid="46200bcf-d6e1-4e51-82da-80c6a2ad0344"/>
  </ModelRefInfoRepo.ModelRefInfoRoot>
</MF0>